Link,Bio,Following,Followers,Location,Website
https://twitter.com/GTNUK1,"Providing Entertainment & Travel to Commercial Radio. Reaching 28.9M weekly listeners. Winners of The Arqiva National Sales Team of the Year 2010, 2011 & 2016",460,127,"London, England",gtn.uk.com/index.php
https://twitter.com/whatsapp,"Simple, reliable, private.",3,5400000,California,
https://twitter.com/aacb_CBPTrade,Customs Broker,125,32,"Florida, USA",
https://twitter.com/@AAWindowPRODUCT,A commercial glass and glazing company serving the window industry in New England since 1954. #SafetyQualityService,89,80,"Malden, MA",aawindowproducts.com
https://twitter.com/aacbdotcom,A & A Freight | Warehousing | Customs Brokerage | Helping people ship across borders.,3,665,Worldwide,aacb.com
https://twitter.com/ABHomeInc,"Industry leader in wholesale home decor, furniture, and garden, since 1993.",181,364,"Rancho Cucamonga, CA",abhomeinc.com
https://www.twitter.com/aandb_kia,"A&B Kia is a Kia dealer in Benwood, WV. Stay connected to exceed expectations. Build strong relationships. Drive the best with us.",339,296,"Benwood, West Virginia ",aandbautosales.com
https://twitter.com/AETechnologies1,,1,36,"Boulder, CO USA",ae-technologies.com
https://twitter.com/Abrepro,"From large format black & white prints to the most sophisticated of digital color printing jobs, A & B can get the job done right.",125,133,"Bentonville, AR",abrepro.com
http://www.twitter.com/wix,"Create, manage and grow your business online with Wix. It’s more than just a website builder, it’s how your vision comes to life. For support: @WixHelp.",3,418800,We're everywhere!,wix.com
https://twitter.com/ACChristofiLtd,"A & C CHRISTOFI LTD is a fast growing professional services company based in Limassol, Cyprus. Our main Concern is your Business.",292,89,Cyprus,acccyp.com
https://twitter.com/AGInsuranceLLC,"A & G Insurance prides itself on being your local, full service, Independent Insurance Agency.",260,42,Connecticut,aginsuranceinc.com
https://twitter.com/aeclothing1,Used Clothing Distributor,0,15,Carteret,aeclothing.net
